No.,Ticker,IPO Date
1,AKTS,1/9/2026
2,BBCQU,1/8/2026
3,BUDA,1/8/2026
4,SORNU,1/7/2026
5,ALUB,1/6/2026
6,ARTCU,1/6/2026
7,BIII-U,1/6/2026
8,BPAC,1/6/2026
9,VSNT,1/5/2026
10,WSTN,12/31/2025
11,SCPQU,12/23/2025
12,SVAQU,12/23/2025
13,IGAC,12/22/2025
14,BEBE-U,12/19/2025
15,ADACU,12/18/2025
16,FJET,12/18/2025
17,LPCVU,12/18/2025
18,VHCPU,12/18/2025
19,ANDG,12/17/2025
20,BIXI,12/17/2025
21,CCXIU,12/17/2025
22,IRHOU,12/17/2025
23,MDLN,12/17/2025
24,CRANU,12/16/2025
25,VSNTV,12/16/2025
26,CMCSV,12/15/2025
27,HAVA,12/15/2025
28,MMTX,12/15/2025
29,ITHAU,12/12/2025
30,TWLVU,12/12/2025
31,WLTH,12/12/2025
32,BLRKU,12/11/2025
33,KBONU,12/11/2025
34,LMRI,12/11/2025
35,CDNL,12/10/2025
36,JMG,12/10/2025
37,MESHU,12/10/2025
38,CRAC,12/9/2025
39,DSACU,12/9/2025
40,MICC,12/8/2025
41,TDWD,12/8/2025
42,LFACU,12/5/2025
43,AEAQU,12/4/2025
44,HYNE,12/4/2025
45,NWAX-U,12/4/2025
46,RGNT,12/4/2025
47,SAC-U,12/4/2025
48,SMJF,12/4/2025
49,DMII,12/3/2025
50,EVOX,12/3/2025
51,GPACU,12/3/2025
52,PARK,12/3/2025
53,PURR,12/3/2025
54,SBXE-U,12/3/2025
55,LAFA,11/26/2025
56,SCIIU,11/26/2025
57,AIIA,11/24/2025
58,RNGT,11/24/2025
59,APAC,11/21/2025
60,HCACU,11/21/2025
61,KRSP,11/21/2025
62,BCSS,11/20/2025
63,CBC,11/20/2025
64,VACI,11/20/2025
65,ALIS,11/19/2025
66,DNMX,11/19/2025
67,GLOO,11/19/2025
68,DYOR,11/18/2025
69,APXT,11/17/2025
70,FCRS,11/17/2025
71,WSHP,11/14/2025
72,ALUB-U,11/13/2025
73,CABR,11/13/2025
74,OTH,11/13/2025
75,POAS,11/13/2025
76,BPACU,11/12/2025
77,CHEC,11/11/2025
78,LATA,11/10/2025
79,AERO,11/6/2025
80,BLLN,11/6/2025
81,EVMN,11/6/2025
82,LKSP,11/6/2025
83,SUNC,11/6/2025
84,ELWT,11/5/2025
85,MEHA,11/5/2025
86,XZO,11/5/2025
87,BETA,11/4/2025
88,CEPV,11/4/2025
89,OTGA,11/3/2025
90,Q,11/3/2025
91,BGSI,10/31/2025
92,BLZR,10/31/2025
93,NOMA,10/31/2025
94,NAVN,10/30/2025
95,YCY,10/29/2025
96,GIW,10/27/2025
97,MPLT,10/27/2025
98,AGCC,10/22/2025
99,EMIS,10/22/2025
100,NPT,10/22/2025
101,AHMA,10/21/2025
102,BGIN,10/21/2025
103,GSRF,10/20/2025
104,SOLS,10/20/2025
105,ACCL,10/17/2025
106,MBVI,10/17/2025
107,BDCI,10/16/2025
108,OWLS,10/16/2025
109,SEV,10/16/2025
110,SLGB,10/15/2025
111,TCGL,10/15/2025
112,RPGL,10/14/2025
113,NKLR,10/10/2025
114,ALH,10/9/2025
115,LFS,10/9/2025
116,PXED,10/9/2025
117,YDDL,10/9/2025
118,POM,10/8/2025
119,TLNC,10/8/2025
120,TTRX,10/8/2025
121,CCHH,10/3/2025
122,CBK,10/2/2025
123,HVMC,10/2/2025
124,MKLY,10/2/2025
125,SSEA,10/2/2025
126,AGRZ,10/1/2025
127,FRMI,10/1/2025
128,NP,10/1/2025
129,YCY-U,10/1/2025
130,QUMS,9/30/2025
131,SVAC,9/30/2025
132,KNRX,9/29/2025
133,AEXA,9/26/2025
134,MGN,9/26/2025
135,HCMA,9/22/2025
136,BRBI,9/19/2025
137,KOYN,9/19/2025
138,PTRN,9/19/2025
139,NTSK,9/18/2025
140,STUB,9/17/2025
141,WBI,9/17/2025
142,CHOW,9/16/2025
143,MLCI,9/15/2025
144,BRCB,9/12/2025
145,FOFO,9/12/2025
146,GEMI,9/12/2025
147,LGN,9/12/2025
148,ONCH,9/12/2025
149,VIA,9/12/2025
150,FIGR,9/11/2025
151,LBRX,9/11/2025
152,KLAR,9/10/2025
153,PAII,9/10/2025
154,ORIQ,9/9/2025
155,SPEG,9/9/2025
156,ZGM,9/9/2025
157,SOCA,9/5/2025
158,FCHL,9/4/2025
159,NMP,9/3/2025
160,ELVR,9/2/2025
161,PMI,8/29/2025
162,ELOG,8/28/2025
163,TGHL,8/28/2025
164,THH,8/28/2025
165,APAD,8/27/2025
166,CURX,8/26/2025
167,CCII,8/22/2025
168,EVAC,8/22/2025
169,VNME,8/22/2025
170,CEPF,8/21/2025
171,ETS,8/21/2025
172,BCAR,8/20/2025
173,YMT,8/19/2025
174,FIGX,8/18/2025
175,LWAC,8/15/2025
176,OBA,8/15/2025
177,PACH,8/15/2025
178,BUUU,8/14/2025
179,MIAX,8/14/2025
180,RYOJ,8/14/2025
181,BLSH,8/13/2025
182,NSRX,8/13/2025
183,DKI,8/8/2025
184,HTFL,8/8/2025
185,BSAA,8/7/2025
186,CFND,8/7/2025
187,FLY,8/7/2025
188,WYFI,8/7/2025
189,CTW,8/6/2025
190,BACC,8/4/2025
191,RUBI,8/4/2025
192,AVBC,8/1/2025
193,AXIN,8/1/2025
194,BLUW,7/31/2025
195,FIG,7/31/2025
196,SI,7/31/2025
197,AMBQ,7/30/2025
198,INAC,7/30/2025
199,YMAT,7/30/2025
200,GTERA,7/25/2025
201,MCGA,7/25/2025
202,STRC,7/25/2025
203,ARX,7/24/2025
204,LHAI,7/24/2025
205,MH,7/24/2025
206,CARL,7/23/2025
207,CRE,7/23/2025
208,TDIC,7/23/2025
209,JENA,7/21/2025
210,KCHV,7/21/2025
211,WTG,7/21/2025
212,PASW,7/18/2025
213,AUGO,7/16/2025
214,KMRK,7/16/2025
215,MGRT,7/16/2025
216,BMHL,7/11/2025
217,GLIBA,7/11/2025
218,GLIBK,7/11/2025
219,OYSE,7/11/2025
220,PCAP,7/11/2025
221,DLXY,7/9/2025
222,ANPA,7/8/2025
223,MSGY,7/8/2025
224,TLIH,7/8/2025
225,CCCX,7/7/2025
226,WENN,7/7/2025
227,CV,7/2/2025
228,GRAN,7/2/2025
229,TVAI,7/2/2025
230,AEBI,7/1/2025
231,EGHA,6/30/2025
232,WW,6/30/2025
233,CAEP,6/26/2025
234,JCAP,6/26/2025
235,JLHL,6/26/2025
236,FMFC,6/25/2025
237,RAL,6/25/2025
238,CGCT,6/24/2025
239,HCHL,6/24/2025
240,XRPN,6/24/2025
241,AMRZ,6/23/2025
242,CRAQ,6/23/2025
243,GTEN,6/23/2025
244,LCCC,6/23/2025
245,RDAG,6/23/2025
246,CHPG,6/20/2025
247,PMTR,6/20/2025
248,CAI,6/18/2025
249,EGG,6/18/2025
250,SLDE,6/18/2025
251,MENS,6/17/2025
252,IPCX,6/16/2025
253,NPAC,6/16/2025
254,AIRO,6/13/2025
255,JBS,6/13/2025
256,CHYM,6/12/2025
257,IPOD,6/12/2025
258,OTF,6/12/2025
259,PELI,6/12/2025
260,VNTG,6/12/2025
261,ASIC,6/11/2025
262,VOYG,6/11/2025
263,BRR,6/9/2025
264,JEM,6/9/2025
265,RTAC,6/9/2025
266,SDHI,6/9/2025
267,TGE,6/9/2025
268,OMDA,6/6/2025
269,CRCL,6/5/2025
270,TACO,6/5/2025
271,COPL,6/2/2025
272,DAAQ,6/2/2025
273,RAAQ,6/2/2025
274,TACH,6/2/2025
275,UYSC,5/27/2025
276,FTRK,5/23/2025
277,SOUL,5/23/2025
278,SZZL,5/23/2025
279,HNGE,5/22/2025
280,MNTN,5/22/2025
281,OFAL,5/21/2025
282,CHAC,5/19/2025
283,TVA,5/16/2025
284,ARAI,5/15/2025
285,ANTA,5/14/2025
286,ETOR,5/14/2025
287,OMSE,5/13/2025
288,GSHR,5/12/2025
289,QSEA,5/12/2025
290,APUS,5/9/2025
291,AHL,5/8/2025
292,AII,5/8/2025
293,STRZ,5/7/2025
294,CEPT,5/2/2025
295,WSBK,5/2/2025
296,CMDB,5/1/2025
297,YB,4/30/2025
298,PHOE,4/25/2025
299,CIGL,4/22/2025
300,PFAI,4/22/2025
301,FERA,4/21/2025
302,LOKV,4/21/2025
303,RAC,4/21/2025
304,TMDE,4/21/2025
305,CHA,4/17/2025
306,EDHL,4/17/2025
307,NHIC,4/17/2025
308,HXHX,4/15/2025
309,RBNE,4/11/2025
310,ATHR,4/10/2025
311,CUPR,4/10/2025
312,IOTR,4/10/2025
313,MB,4/10/2025
314,FATN,4/8/2025
315,RYET,4/8/2025
316,AACB,4/7/2025
317,BLIV,4/4/2025
318,ATII,4/3/2025
319,LHSW,4/3/2025
320,SMA,4/2/2025
321,SORA,4/2/2025
322,ENGS,4/1/2025
323,WTF,4/1/2025
324,WXM,4/1/2025
325,NMAX,3/31/2025
326,CRWV,3/28/2025
327,NCT,3/28/2025
328,WFF,3/27/2025
329,EPSM,3/26/2025
330,NTHI,3/26/2025
331,LGPS,3/25/2025
332,SVCC,3/24/2025
333,BIYA,3/21/2025
334,RCT,3/21/2025
335,COLA,3/17/2025
336,KFII,3/13/2025
337,MWYN,3/13/2025
338,EHLD,3/11/2025
339,IPEX,3/7/2025
340,MCRP,3/7/2025
341,RIBB,3/7/2025
342,SAGT,3/7/2025
343,ADVB,3/6/2025
344,JFB,3/6/2025
345,KMTS,3/6/2025
346,TBH,3/6/2025
347,PN,3/4/2025
348,LUD,2/27/2025
349,LZMH,2/27/2025
350,WETO,2/27/2025
351,BMGL,2/26/2025
352,STAK,2/26/2025
353,DMAA,2/25/2025
354,WGRX,2/21/2025
355,RHLD,2/20/2025
356,VRM,2/20/2025
357,NNNN,2/19/2025
358,NPB,2/14/2025
359,AARD,2/13/2025
360,KRMN,2/13/2025
361,SAIL,2/13/2025
362,SNDK,2/13/2025
363,TDAC,2/13/2025
364,XHLD,2/13/2025
365,AGH,2/12/2025
366,FGMC,2/11/2025
367,SION,2/7/2025
368,TTAM,2/7/2025
369,FBGL,2/6/2025
370,HVII,2/6/2025
371,CJMB,2/5/2025
372,HCAI,2/5/2025
373,HSPT,2/5/2025
374,MRP,2/5/2025
375,PLUT,2/5/2025
376,DRDB,2/3/2025
377,MLAC,2/3/2025
378,INR,1/31/2025
379,MAZE,1/31/2025
380,PLMK,1/31/2025
381,BBNX,1/30/2025
382,CSAI,1/30/2025
383,JACS,1/30/2025
384,PGAC,1/28/2025
385,SFD,1/28/2025
386,TWNP,1/28/2025
387,AAPG,1/27/2025
388,VG,1/24/2025
389,SKBL,1/23/2025
390,DGNX,1/22/2025
391,DXST,1/22/2025
392,TJGC,1/22/2025
393,TOPP,1/22/2025
394,FLOC,1/16/2025
395,NOEM,1/16/2025
396,PCLA,1/16/2025
397,HKPD,1/15/2025
398,UFG,1/14/2025
399,RANG,1/13/2025
400,MIMI,1/10/2025
401,MASK,1/8/2025
402,CEPO,1/7/2025
403,ZYBT,1/7/2025
404,ASPC,1/3/2025
405,INLF,1/2/2025
406,RAIN,1/2/2025
407,ONEG,12/31/2024
408,WLAC,12/30/2024
409,BYAH,12/27/2024
410,NTWO,12/27/2024
411,HIT,12/23/2024
412,FACT,12/20/2024
413,TAVI,12/20/2024
414,YAAS,12/20/2024
415,LSE,12/19/2024
416,NCEW,12/18/2024
417,YSXT,12/18/2024
418,BEAG,12/16/2024
419,OACC,12/16/2024
420,ALDF,12/13/2024
421,AVR,12/13/2024
422,NTCL,12/13/2024
423,TTAN,12/12/2024
424,ETHM,12/9/2024
425,NAMI,12/6/2024
426,LNKS,12/5/2024
427,RADX,12/5/2024
428,ZSPC,12/5/2024
429,JUNS,12/3/2024
430,KYIV,12/3/2024
431,BACQ,12/2/2024
432,RDAC,12/2/2024
433,LPBB,11/29/2024
434,BRIA,11/27/2024
435,GRO,11/27/2024
436,PONY,11/27/2024
437,VENU,11/27/2024
438,CGTL,11/26/2024
439,CHAR,11/26/2024
440,WYHG,11/26/2024
441,IPST,11/22/2024
442,MSW,11/22/2024
443,TLX,11/14/2024
444,EXOZ,11/13/2024
445,YHNA,11/8/2024
446,ADUR,11/7/2024
447,FVN,11/4/2024
448,GELS,10/29/2024
449,PLRZ,10/29/2024
450,ECG,10/28/2024
451,POLE,10/28/2024
452,VCIC,10/28/2024
453,SEPN,10/25/2024
454,WRD,10/25/2024
455,CAPN,10/24/2024
456,INGM,10/24/2024
457,FBLA,10/23/2024
458,FGL,10/23/2024
459,INEO,10/23/2024
460,LBGJ,10/23/2024
461,ROLR,10/23/2024
462,HUHU,10/22/2024
463,ORIS,10/17/2024
464,SPHL,10/17/2024
465,PTLE,10/16/2024
466,SFHG,10/16/2024
467,CAMP,10/11/2024
468,CBLL,10/11/2024
469,STFS,10/11/2024
470,UPB,10/11/2024
471,IMSR,10/10/2024
472,SKYQ,10/10/2024
473,CLIK,10/9/2024
474,KLC,10/9/2024
475,SKK,10/8/2024
476,SBXD,10/7/2024
477,CBNA,10/4/2024
478,FLX,10/4/2024
479,SOBO,10/3/2024
480,FVR,10/2/2024
481,SARO,10/2/2024
482,WCT,10/2/2024
483,HTLM,10/1/2024
484,ZENA,10/1/2024
485,ZJK,10/1/2024
486,VACH,9/30/2024
487,FTW,9/27/2024
488,BIOA,9/26/2024
489,BKV,9/26/2024
490,CURB,9/26/2024
491,GRDN,9/26/2024
492,IBG,9/26/2024
493,LGCY,9/26/2024
494,AMTM,9/24/2024
495,MBAV,9/23/2024
496,GLE,9/20/2024
497,AAM,9/16/2024
498,DTSQ,9/16/2024
499,HCWC,9/16/2024
500,IBO,9/16/2024
501,KAPA,9/16/2024
502,BCAX,9/13/2024
503,MBX,9/13/2024
504,ZBIO,9/13/2024
505,EURK,9/12/2024
506,GLXG,9/12/2024
507,GIG,9/11/2024
508,TDTH,9/10/2024
509,XCH,9/10/2024
510,PMAX,9/5/2024
511,PTHL,9/5/2024
512,LPAA,9/3/2024
513,SIMA,8/30/2024
514,AZI,8/28/2024
515,SPAI,8/28/2024
516,JBDI,8/27/2024
517,RITR,8/26/2024
518,WOK,8/23/2024
519,GRAF,8/16/2024
520,YXT,8/16/2024
521,FSHP,8/15/2024
522,ACTU,8/13/2024
523,XXI,8/13/2024
524,CUB,8/9/2024
525,ALF,8/1/2024
526,FDSB,8/1/2024
527,OSTX,8/1/2024
528,PLBL,7/30/2024
529,SEG,7/29/2024
530,NIPG,7/26/2024
531,CON,7/25/2024
532,LINE,7/25/2024
533,ORKT,7/25/2024
534,NVA,7/24/2024
535,OS,7/24/2024
536,ZDAI,7/23/2024
537,ARTV,7/19/2024
538,ARDT,7/18/2024
539,PDCC,7/18/2024
540,TWFG,7/18/2024
541,MACI,7/17/2024
542,ICON,7/12/2024
543,SUNS,7/9/2024
544,RFAI,7/5/2024
545,EHGO,7/2/2024
546,GPAT,7/1/2024
547,ALMS,6/28/2024
548,LB,6/28/2024
549,LSH,6/28/2024
550,TBN,6/27/2024
551,WBTN,6/27/2024
552,CCIX,6/21/2024
553,RECT,6/21/2024
554,SPMC,6/14/2024
555,TEM,6/14/2024
556,GRAL,6/12/2024
557,PCSC,6/12/2024
558,RAPP,6/7/2024
559,WAY,6/7/2024
560,FLYE,6/6/2024
561,GAUZ,6/6/2024
562,LIF,6/6/2024
563,NAKA,5/31/2024
564,INBX,5/29/2024
565,BOW,5/23/2024
566,KBDC,5/22/2024
567,HDL,5/17/2024
568,JDZG,5/15/2024
569,RAY,5/15/2024
570,BTOC,5/14/2024
571,MKZR,5/14/2024
572,BKHA,5/13/2024
573,PAL,5/9/2024
574,SVCO,5/9/2024
575,NNE,5/8/2024
576,IBAC,5/1/2024
577,VIK,5/1/2024
578,ZONE,4/26/2024
579,LOAR,4/25/2024
580,MRX,4/25/2024
581,RBRK,4/25/2024
582,NCI,4/23/2024
583,MFI,4/22/2024
584,YYGH,4/22/2024
585,TRSG,4/19/2024
586,CDTG,4/18/2024
587,CTRI,4/18/2024
588,IBTA,4/18/2024
589,MTEN,4/18/2024
590,SUPX,4/17/2024
591,TWG,4/16/2024
592,ULS,4/12/2024
593,PACS,4/11/2024
594,MNDR,4/10/2024
595,CTNM,4/5/2024
596,ZOOZ,4/5/2024
597,MAMO,4/2/2024
598,ZBAO,4/2/2024
599,BOLD,3/28/2024
600,LEGT,3/28/2024
601,MMA,3/28/2024
602,UBXG,3/28/2024
603,GEV,3/27/2024
604,DXYZ,3/26/2024
605,SOLV,3/26/2024
606,AUNA,3/22/2024
607,LOBO,3/21/2024
608,RDDT,3/21/2024
609,ALAB,3/20/2024
610,INTJ,3/20/2024
611,HBNB,3/11/2024
612,SERV,3/7/2024
613,RYDE,3/6/2024
614,LGCL,3/5/2024
615,SMXT,2/27/2024
616,PTHS,2/16/2024
617,UMAC,2/14/2024
618,BBOT,2/9/2024
619,MGX,2/9/2024
620,TBBB,2/9/2024
621,TELO,2/9/2024
622,KYTX,2/8/2024
623,PMNT,2/8/2024
624,AHR,2/7/2024
625,ANRO,2/2/2024
626,GUTS,2/2/2024
627,AS,2/1/2024
628,FBLG,1/31/2024
629,AMIX,1/29/2024
630,AVBP,1/26/2024
631,BTSG,1/26/2024
632,HAO,1/26/2024
633,MDCX,1/26/2024
634,CGON,1/25/2024
635,NCDL,1/25/2024
636,YIBO,1/25/2024
637,CORZ,1/24/2024
638,JL,1/24/2024
639,MSDL,1/24/2024
640,SUGP,1/24/2024
641,AFJK,1/22/2024
642,KSPI,1/19/2024
643,CCTG,1/18/2024
644,PSBD,1/18/2024
645,SYNX,1/12/2024
646,PEW,1/11/2024
647,SDHC,1/11/2024
648,ROMA,1/9/2024
